ID,original_SMILES,Chemgauss4,binding_free_energy,std_binding_error
MIH-UNI-6b9ca91a-8,O[C@@H]1C[C@H](c2ccsc2)C[C@@H](Nc2cccnc2)O1,-6.432608,-17.786011531578946,1.437664422142996
DAR-DIA-23aa0b97-19,N#Cc1cccc(NC(=O)Cc2cncc3ccccc23)c1,-5.25336980819702,-17.08888063384616,0.4624419481668854
SEL-UNI-8426c22c-3,CC(=O)N(C(=O)NC1CC1)C1=CNCC=C1C,-3.871179,-15.353481654545433,0.2953934628734823
ANT-DIA-045cfdc4-3,O=C(Nc1cncnc1)[C@H]1CCC[C@H]1c1ccsc1,-6.6090259552002,-14.493424793846174,2.883657911135859
GAB-REV-70cc3ca5-9,Cc1ccncc1NC(=O)Cc1nc2ccccc2[nH]1,-10.034979,-14.24388398163266,0.1823184357976179
ALV-UNI-7ff1a6f9-25,Cc1cnc2c(-c3cnn(C)c3)c(-c3ccc(F)cc3)nn2c1,-5.541764,-14.116026262471479,0.14954858452954475
ALV-UNI-7ff1a6f9-20,Cc1ccn2c(-c3cc(C)n[nH]3)c(-c3ccc(F)cc3)nc2c1,-3.537782,-13.921099214693879,1.1643271365951928
WAR-XCH-eb7b662f-2,N#Cc1cc(Cl)cc(NC(=O)Nc2cccnc2)c1,-4.55587100982666,-12.831381276923084,0.1086803555972861
DAR-DIA-fc970077-13,O=C1CN(c2ccccc2)CCCN1c1cccnc1,-5.4485445022583,-12.811625460000002,0.13884792778358468
DAR-DIA-23aa0b97-4,N#Cc1cccc(NC(=O)Cc2cccnc2)c1,-4.21344,-12.78427151410255,0.5662222114901861
BEN-VAN-d8fd1356-12,CNc1c[nH]c2c(Oc3cc(C)c(Br)cn3)c(Cl)c(F)cc12,-7.925056,-12.314507319999997,0.5575148371256102
ALE-HEI-f28a35b5-12,Cc1ccncc1NC(=O)CCCBr,-4.6852,-11.792648074840343,2.4244564798997548
ALV-UNI-7ff1a6f9-14,Cc1ccn2c(-c3ccc4[nH]ncc4c3)c(-c3ccc(F)cc3)nc2c1,-3.156784,-11.600263757237045,3.714652200213301
TRY-UNI-1fd04853-11,O=C(Cc1c[nH]c2ncccc12)NCc1ccc(Cl)cn1,-7.189248,-11.515360384360733,0.9830072365570409
PHI-UNK-c3ab17cb-3,CSCc1cc(C(N)=O)c(CS)cc1C(N)=O,-2.840863,-11.471376051538428,0.13745045335997652
BEN-VAN-d8fd1356-9,CCCc1c[nH]c2c(Oc3cc(-c4cnc[nH]4)ccn3)cc(F)c(Cl)c12,-8.861107,-10.91037953061224,0.0
AUS-ARG-7cfdce8f-9,Fc1ccc(Oc2nc(-c3cccnc3)nc3ccccc23)c(Br)c1,-11.828602,-10.37691534957736,0.5945637667491042
GIA-UNK-5ec6c2b8-3,O=C(S)C1CCN(Cc2ccccc2)CC1,-5.12282752990723,-10.356218785461564,0.5153495154688302
CHR-SOS-7098f804-5,O=C(Nc1ccc([N+](=O)[O-])cc1)c1ccccc1O,-4.61848163604736,-9.910455770663688,0.5530153784847444
DAR-DIA-23aa0b97-3,N#Cc1cccc(NC(=O)Cc2cncc(N)c2)c1,-6.12448024749756,-9.786032222841442,0.26929857276329966
ALV-UNI-7ff1a6f9-47,COc1ccnc(NC(=O)Cc2ccc3ccccc3c2)c1,-6.484867,-9.737808760000007,0.20996368061338613
DAN-LON-a5fc619e-3,CC(C)C[C@@H]1CN(C(=O)CCl)CCN1Cc1cccc(Cl)c1,-4.79421854019165,-9.565713715959632,4.337640992811418
AUS-ARG-7cfdce8f-7,Cc1ccc(Oc2nc(-c3cccnc3)nc3ccccc23)cc1C,-10.603008,-9.281704555555535,0.11677870000001178
CHR-SOS-7098f804-6,O=C(Nc1ccc([N+](=O)[O-])cc1)c1ccccc1,-6.996593,-9.172983602040821,1.9815490178976076
AGN-NEW-c7b24fe3-4,N#Cc1ncccc1NC(=O)Cc1cccc(Cl)c1,-5.19027233123779,-9.14339161789475,0.49976824876090636
DAR-DIA-43a5904b-1,NC(=O)[C@H]1CC(Cc2cccnc2)=C[C@H]1c1cccc(Cl)c1,-10.474063,-9.0288834,0.0
ANT-DIA-b7f58f21-1,CS(=O)(=O)NCCc1cccnc1,-5.547242,-8.971111390306646,0.08064876779674984
JOO-IND-b2fae8f6-2,N#Cc1ncnc(-c2nc3ccccc3s2)n1,-9.441189,-8.86218467171716,1.1467921717171734
WAR-XCH-bdd24732-19,N#Cc1cccc(CCc2ccnc(C3CCCN(C(=O)CCl)C3)c2)c1,-3.700049,-8.79480759838383,2.8438655228800727
ANN-UNI-26382800-5,N#Cc1cccc(CC(=O)Nc2cccnc2)c1,-4.88376092910767,-8.768037939999985,1.6051925388989923
MAK-UNK-5e88aa6a-15,Cc1ccc(-c2ccsc2)nc1,-8.038471,-8.626686300000024,0.0
MAK-UNK-5e88aa6a-14,Cc1ccc(-c2ccsc2)cn1,-8.162913,-8.272066797567511,3.649655879200167
CHR-SOS-7098f804-2,O=C(Nc1ccc([N+](=O)[O-])cc1Cl)c1cccc(Cl)c1,-7.2591,-8.157967469880724,4.550001999769831
DAN-PUR-19f24f0c-1,CC(=O)Nc1cncc(N)c1,-4.731558,-8.110683441980186,1.9058965724851753
GUZ-UNI-5a173832-2,O=C1/C(=C/c2ccco2)CCC/C1=C\c1ccco1,-8.12715,-8.06657880000003,0.40151944551793567
DOU-UNK-b5326f8f-10,NC(=O)c1cc2c(s1)C1NC=C(C3CC3)C1CC2Cl,-5.928128,-7.882021724081634,0.14197353843974347
NIM-UNI-534877e5-1,C=C1NC=C(c2cccc(Br)c2)C(=O)N1c1cccnc1,-1.350153,-7.8780735200000045,0.13138627341646028
WAR-XCH-b72a1bbc-14,NS(=O)(=O)c1ccc(N2CCC(CO)CC2)cc1,-7.208499,-7.862138608860894,0.0
DOU-UNK-b5326f8f-11,NC(=O)c1cc2c(s1)-c1ccccc1C(=O)C2,-6.245037,-7.860019811236068,0.0886810121155086
JOH-UNI-9dc98897-2,N#Cc1ncc(N2CCCOCC2)cc1C(F)(F)F,-6.727108,-7.838601934285705,0.11465647949364523
MIH-UNI-6b9ca91a-1,Cc1ccncc1NC(=O)Cc1ccsc1,-9.332361,-7.722006931313132,2.087130153233517
TRY-UNI-1fd04853-7,O=C(Cc1c[nH]c2ncccc12)NCc1ccc(Cl)cc1,-4.65786695480347,-7.592122864238622,1.6258605174826493
ALV-UNI-7ff1a6f9-34,Cc1ccc2c(-c3ccnc(N)c3)c(-c3ccc(F)cc3)nn2n1,-8.800723,-7.574736671020446,6.7171637323155675
MAT-GIT-deadff56-1,CC(=O)NCCc1c[nH]c2ccc(C#N)cc12,-9.765643,-7.574588773922912,0.5517271371882018
ALV-UNI-7ff1a6f9-32,Cc1ccc2c(-c3ccnn3C)c(-c3ccc(F)cc3)nn2n1,-9.00619,-7.556842426868685,0.1280489064278267
RAJ-NOV-842d5654-2,N#Cc1cc([C@@H]2CCNC2=O)cc(Cc2ccccc2)n1,-6.781113,-7.542677662104758,0.7836704202532877
AMD-UAU-3d234461-1,COc1ccc2nccc(C(=O)NN)c2c1,-6.1827974319458,-7.491493353748638,3.6728163996595504
ALV-UNI-7ff1a6f9-10,Cc1cnc2c(-c3ccncc3)c(-c3ccc(F)cc3)nn2c1,-7.326426,-7.4532071234364174,0.0759565596201594
ALV-UNI-7ff1a6f9-17,Cc1ccn2c(-c3ccnn3C)c(-c3ccc(F)cc3)nc2c1,-7.224382,-7.438820006666674,0.13004107165788223
DAR-DIA-fc970077-3,O=c1n(-c2ccccc2)ccn1-c1cccnc1,-5.133376121521,-7.290357044615398,0.22289573520688521
JOH-UNI-522b0723-1,CC1COCCN1c1ccc(C#N)nc1,-6.437917,-7.217818039724548,3.9467910166591187
ANT-DIA-3c79be55-1,N#Cc1ccccc1NC(=O)Cc1c[nH]c2ncccc12,-8.30554,-7.178780928910868,0.9930699190439966
GUZ-UNI-5a173832-3,O=C1/C(=C/C=C/c2ccco2)CCC/C1=C\C=C\c1ccco1,-3.18235,-7.101730080000024,0.8241059107530868
JOH-MEM-5e386bbd-4,COc1ccc2[nH]c3c(c2c1)CCN3C(C)=O,-5.49479913711548,-7.010587171063584,7.499078244687885
ALV-UNI-7ff1a6f9-41,Cc1ccn2c(-c3cnn(C)c3)c(-c3ccc(F)cc3)nc2n1,-4.427262,-6.9576524232653085,0.4217430090699351
PAT-UNK-b2d83456-2,CC#Cc1cccc(CN2CCN(C(C)=O)CC2)c1,-4.72107887268066,-6.870714120605996,0.09988927065665491
AGN-NEW-891393a6-6,O=S(=O)(/C=C/c1cccnc1)c1cccc(-c2c(F)cccc2F)c1,-5.594306,-6.705884903809505,3.1764835819220103
CHR-SOS-7098f804-7,O=C(Nc1ccccc1)c1cc(Cl)ccc1O,-8.379775,-6.703700405454583,0.7441064432475145
ANN-UNI-26382800-2,CCNc1ccc(-c2cnco2)cn1,-4.973998,-6.690017299588277,0.32303603175326256
CHR-SOS-7098f804-21,O=C(Nc1cnccc1Cl)c1cccc(Cl)c1,-8.243002,-6.657827563917579,1.7999735698165853
MAR-UNI-9d4da90d-5,Cc1cnc(N)c(CN2CCC(O)CC2)c1,-4.109579,-6.587034133709977,6.125403540323066
ALV-UNI-7ff1a6f9-37,Cc1ccn2c(-c3ccncc3)c(-c3ccc(F)cc3)nc2n1,-6.404988,-6.5759164199999995,0.13236056843447513
CHR-SOS-7098f804-9,O=C(Nc1ccccc1)c1ccccc1,-5.549275,-6.5671978934693875,0.2717356412947095
ALV-UNI-7ff1a6f9-36,Cc1cc(-c2c(-c3ccc(F)cc3)nn3nc(C)ccc23)[nH]n1,-6.752863,-6.55935451130298,0.14956220925517755
VIR-GIT-7b3d3065-3,CC(C)N(C)C(=O)C1CCN(C(=O)CCl)CC1,-3.390148,-6.537067234141439,0.21326654784645543
DAR-DIA-43a5904b-7,NC(=O)[C@H]1CC(Cc2ccccc2)=C[C@H]1c1cccc(Cl)c1,-6.95997047424316,-6.387749359999999,0.1638341427159249
MIH-UNI-6b9ca91a-5,N#Cc1cccc(CNc2ccc(O)cc2)c1,-5.4286036491394,-6.296374684040394,3.7830654187939112
JOH-MSK-a63bdd1d-10,CN(C)CCc1c[nH]c2ccccc12,-5.55167675018311,-6.220470288287616,0.8627347942966102
WAR-XCH-b6889685-27,Cc1cccc(NC2CCN(c3ccc(S(N)(=O)=O)cc3)CC2)c1,0.075671,-6.1892740387629175,1.1994384549471966
ALV-UNI-7ff1a6f9-46,O=C(Cc1ccc2ccccc2c1)Nc1cc(C(F)(F)F)ccn1,-0.698857,-6.149201989728045,0.21096586925858324
DAV-AUT-7eb4e0c3-2,CN1C[C@@H](c2ccc3c(c2)C(=O)N=[S@]3(C)=O)OCCC1=O,-9.5307,-6.009451880392158,0.04090280000000002
JOH-MSK-a63bdd1d-8,COc1ccc2[nH]c3c(c2c1)CCNC3,-7.830074,-6.000477115384584,0.0
DAR-DIA-23aa0b97-1,N#Cc1cccc(NC(=O)Cc2c[nH]c3ncccc23)c1,-5.25837,-5.970168172981396,1.2580561301543787
ALV-UNI-7ff1a6f9-43,Cc1cn2c(-c3cccnc3)c(-c3ccc(F)cc3)nc2s1,-4.088367,-5.905066077148398,1.9734233951916944
SUN-DEP-1496052a-2,CC1=CCC(O)(C(C)C)CC1,-6.083421,-5.768152543443218,2.0326165848754423
TRY-UNI-1fd04853-10,N#Cc1ccnc(CNC(=O)Cc2c[nH]c3ncccc23)c1,-11.323847,-5.712723204040344,1.0497004040404079
CHR-SOS-7098f804-8,O=C(Nc1ccccc1)c1cccc(Cl)c1,-5.652315,-5.686312448686868,0.6795267369912339
JOH-MSK-ec639444-4,CCC(=O)NC[C@@H]1C[C@H]1c1cccc2c1CCO2,-4.76919651031494,-5.6319111303548866,2.2688646750034693
AGN-NEW-c7b24fe3-5,C#Cc1ncccc1NC(=O)Cc1cccc(Cl)c1,-4.59582710266113,-5.614677419654612,6.308498802991085
ALV-UNI-7ff1a6f9-5,Cc1ccc2c(-c3cccnc3)c(-c3ccc(F)cc3)nn2n1,-3.817697,-5.612380407692299,0.04921674168782141
GIA-UNK-5ec6c2b8-5,O=C(S)C1CCN(C(=O)Cc2ccccc2)CC1,-4.99714326858521,-5.605222564178899,5.274448992326705
DOU-UNK-b5326f8f-12,O=C1Cc2cc(-c3nnco3)sc2-c2ccccc21,-4.417357,-5.601350739797985,0.13470721476736972
MAK-UNK-5e88aa6a-13,Cc1cnc(-c2ccsc2)nc1,-7.533288,-5.567843502020196,0.0
WAR-XCH-b72a1bbc-3,NS(=O)(=O)c1ccc(-c2ccsc2)cc1,-5.893764,-5.536033664646467,0.09140884827766499
MIH-UNI-e573136b-11,O=C(CCl)N1Cc2ccccc2C(C2CCCS2)C1,-8.518147,-5.426199110724674,4.039602868061159
NAU-LAT-ec9c7557-2,O=C1Nc2c(cc(-c3ccncc3)cc2C(F)(F)F)C1=O,-5.25276327133179,-5.425946524949069,3.6252573257720457
ALE-HEI-f28a35b5-1,Cc1ccncc1NC(=O)Nc1ccccc1,-4.235008,-5.3844944757575774,0.3713558931392657
NIR-THE-c331be7a-2,N#Cc1cccc(C2CN(C(=O)CCl)Cc3ccccc32)c1,-7.416503,-5.330517300000004,0.3813242751989085
GIA-UNK-5ec6c2b8-1,O=C(S)C1CCN(C(=O)c2ccccc2)CC1,-5.26096439361572,-5.2928889976291345,3.242204468164805
AUS-ARG-7cfdce8f-18,c1cnc2nc(SCCC34CC5CC(CC(C5)C3)C4)nn2c1,-9.050965,-5.253233685714289,0.042487000000004826
STE-UNK-dfade101-2,Cc1cc(Cc2cnccc2C)n[nH]1,-9.555629,-5.225190243846146,0.1098343289295466
DAR-DIA-842b4336-20,N#Cc1cnc(NC(=O)Cc2cc3cccnc3[nH]2)o1,-5.165152,-5.198893240000018,0.8966633626097408
JOH-UNI-9dc98897-3,N#Cc1cc(F)c(N2CCCOCC2)cn1,-6.503911,-5.194038698587164,0.14107141826809433
TRY-UNI-714a760b-1,Cc1c(N)cncc1NC(=O)CC1CCCCC1,-6.08684635162354,-5.166970782169727,0.4501000306735086
ANT-DIA-b7f58f21-3,CS(=O)(=O)NCCc1ccccc1O,-4.78243064880371,-5.165325909090907,5.489708353697475
HAN-NEW-5f56c3bc-1,Cc1ncncc1NC(=O)Nc1ccccc1,-1.195313,-5.158626144238639,0.5095734497175171
JOH-MSK-35a8745a-1,COc1ccc2[nH]cc(CCNC(C)=O)c2c1,-8.540813,-5.038109600000013,0.060674999999989154
MUS-SCH-c2f96c06-4,OCc1ccncc1-c1cc(CCc2cn[nH]c2)ccn1,-1.124989,-4.973331539230784,0.09387710868706095
ANT-DIA-3c79be55-2,N#Cc1ccccc1NC(=O)Cc1cccnc1,-7.423989,-4.898661239999996,0.5169325397457971
GIA-UNK-995df016-17,O=C(SCF)C1CCN(C(=O)c2ccc[nH]2)CC1,-5.95411777496338,-4.878647204367795,5.371359663956953
SAL-INS-1c7a5a55-6,O=C(CCl)N1Cc2cc3c([N+](=O)[O-])cccc3cc2C(c2c[nH]cn2)C1,-6.33078861236572,-4.830868722222222,0.14150152575992933
GIA-UNK-995df016-3,O=C(SCF)C1CCN(C(=O)C2CC2)CC1,-4.68108415603638,-4.816782840000016,2.1478806183810466
VIJ-CYC-1a381570-12,CC(C)[C@@H](C#N)NS(=O)(=O)c1ccc(CF)cc1,-7.813967,-4.732154606853385,0.3439617577681806
GER-UNI-cad0fe83-1,Cc1nnc2n1-c1ccc(Cl)cc1C(c1ccccc1)=NC2,-7.59986,-4.6742389391413965,0.09645063559177863
NAU-LAT-ec9c7557-5,O=C1Nc2ccccc2C1(c1ccccc1)c1ccccc1O,-5.9029688835144,-4.595670652276617,0.6142256889994819
CHR-SOS-7098f804-12,O=C(Nc1cccnc1)c1cccc(Cl)c1,-9.620449,-4.494363960594029,1.1350931702884552
GIA-UNK-995df016-13,O=C(SCF)C1CCN(C(=O)C2CCCC2)CC1,-4.65887403488159,-4.488709803838361,1.622808702000702
WAR-XCH-b6889685-3,CN(CC1CCN(c2ccc(S(N)(=O)=O)cc2)CC1)c1cccs1,-8.388055,-4.4713420800000065,0.1267971565022731
SUN-DEP-1496052a-1,CC1=CCC(C(C)(C)O)CC1,-6.045083,-4.4478991555202185,1.8542298833984612
DUN-NEW-f8ce3686-12,CC(=O)NCCc1c[nH]c2ccc(C#N)cc12,-5.37841176986694,-4.440789507904828,4.1384355290587775
ANN-UNI-26382800-1,CCNc1ccc(-c2cccc(=O)[nH]2)cn1,-5.965827,-4.403245953211297,5.592616039198541
JON-UIO-066ce08b-14,C[C@H](NC(=O)C(F)F)c1cccc(F)c1,-5.387918,-4.368486099999998,2.4790337764892314
ALV-UNI-7ff1a6f9-4,Cc1cnc2c(c1)nc(-c1ccc(F)cc1)n2-c1ccncc1,-7.692672,-4.353898407944776,0.19931261094161562
PHI-UNK-c3ab17cb-1,N#Cc1ccc(C(N)=O)c(CNC(=O)C2CCOCC2)c1,-8.594815,-4.331936919999919,0.5082344563823511
LIZ-THE-f118233e-1,Nc1cnc(OC(=O)N2CCN(C(=O)c3ccsc3)CC2)nc1,-1.269837,-4.326600107828284,0.08823414948839767
WAR-XCH-b72a1bbc-4,Cc1ccncc1-c1ccc(S(N)(=O)=O)cc1,-6.754902,-4.294462221632653,2.315093239710617
DOU-UNK-b5326f8f-16,CCOC1CCC(C#N)c2cc(-c3nnco3)sc21,-8.000514,-4.283819960544214,8.113457557677235
WAR-XCH-b72a1bbc-23,COCC1CCN(c2ccc(S(N)(=O)=O)cc2)CC1,-8.294393,-4.281006399999998,0.0
JOH-UNI-abdb2f0c-3,O=C(CCl)c1ccc(N2CCCOCC2)cn1,-7.072368,-4.102296235688641,0.16903587802293998
DAV-AUT-7eb4e0c3-4,CN1C[C@@H](c2ccc3c(c2)C(=O)N=[S@@]3(C)=O)OCCC1=O,-9.5307,-4.097636199999997,5.962504999999996
PAT-UNK-b2d83456-1,CC(=O)N1CCN(Cc2cccc(C#N)c2)CC1,-4.65229272842407,-4.024573880730259,5.190473899031503
NIR-THE-c331be7a-1,Nc1cccc(C2CN(C(=O)CCl)Cc3ccccc32)c1,-7.634937,-3.984557828571429,0.22546295993667764
ANT-DIA-b7f58f21-7,CS(=O)(=O)NCCc1ccc2ncsc2c1,-4.867293,-3.9230990402721093,3.0898945374319453
JOH-MEM-5e386bbd-6,COc1cc2c3c([nH]c2cc1O)N(C(C)=O)CC3,-6.893034,-3.886057019999999,0.1367605674317767
ALV-UNI-7ff1a6f9-48,Cc1ccnc2[nH]c(Cc3ccc4ccccc4c3)nc12,-1.687032,-3.820384840000001,2.451542103034311
JOH-MSK-ec639444-3,COc1ccc2cccc(CCNC(C)=O)c2c1,-5.43759155273438,-3.729116746436423,0.9989840532541456
ELE-IMP-dfb36048-6,NS(=O)(=O)c1cc2cc(F)ccc2[nH]1,-5.45695781707764,-3.6569875099999933,0.0794453702030365
PAU-UNI-6d15a9f5-2,Cn1cc2c(n1)C(=O)N(C[C@@H]1CCCO1)CN2,-7.325227,-3.648190588383846,0.05391474999999879
MAK-UNK-6435e6c2-10,CC(=O)N1CCN(S(=O)(=O)c2ccsc2)CC1,-2.380683,-3.5113213023757055,4.427563155848553
CAS-DEP-751a2458-1,Cc1cccc2nc(-c3ccc(O)cc3O)[nH]c12,-7.900784,-3.497918795959592,1.0138550535765758
DAR-DIA-caba39e3-2,COc1cccc([C@@H]2CN(C(=O)CCl)Cc3ccccc32)c1,-7.967033,-3.4729984800000047,0.37375314653322667
MAK-UNK-6435e6c2-3,CC(=O)N1CCN(Cc2ccsc2)CC1,-1.966782,-3.45374704999999,0.11411574999998919
DAR-DIA-43a5904b-11,Cn1cc(CC2=C[C@@H](c3cccc(Cl)c3)[C@@H](C(N)=O)C2)cn1,-5.58957767486572,-3.4268515538461544,0.10383043092194301
JOH-UNI-522b0723-2,CC1OCCN(c2ccc(C#N)nc2)C1C,-4.900206,-3.4243348140540064,7.294013424037564
TRY-UNI-1fd04853-6,N#Cc1cccc(CNC(=O)Cc2c[nH]c3ncccc23)c1,-3.854483,-3.4232561830976493,3.2973950383137893
ALV-UNI-7ff1a6f9-33,Cc1ccc2c(-c3cnn(C)c3)c(-c3ccc(F)cc3)nn2n1,-5.022665,-3.356871784329897,0.07531767132052324
JOH-UNI-9dc98897-1,N#Cc1ncc(N2CCCOCC2)cc1F,-6.838572,-3.328755145263173,0.04613149447339841
JOH-MEM-5e386bbd-7,O=CCc1c[nH]c2ccc(O)cc12,-6.39984846115112,-3.315722781225716,3.2919165901983836
DAR-DIA-fc970077-8,O=C1C(c2ccccc2)OCCN1c1cccnc1,-5.58173084259033,-3.2937237567598956,3.469339829002683
ALV-UNI-7ff1a6f9-35,Cc1ccc2c(-c3cnc(N)nc3)c(-c3ccc(F)cc3)nn2n1,-6.996514,-3.2817915745454442,0.08435632895107219
WAR-XCH-b72a1bbc-38,Cc1ccncc1SCC1CCN(c2ccc(S(N)(=O)=O)cc2)CC1,0.055301,-3.275109487692312,0.24775637073200082
LIZ-THE-57c545eb-1,CCN(CC)c1ccc(S(N)(=O)=O)cc1,-6.989722,-3.2341013540816306,0.04994654590892648
WAR-XCH-b72a1bbc-7,NS(=O)(=O)c1ccc(N2CCC(c3ccco3)CC2)cc1,-8.560461,-3.225703480824743,0.2668232262264621
WAR-XCH-b72a1bbc-2,NS(=O)(=O)c1ccc(-c2ccncc2)cc1,1.234029,-3.1983621587179485,0.1586106727307764
DAR-DIA-43a5904b-8,NC(=O)[C@H]1CC(Cc2cncs2)=C[C@H]1c1cccc(Cl)c1,-9.045493,-3.1899912500388474,2.3498464305653233
ANT-DIA-045cfdc4-1,CNC(=O)[C@H]1CCC[C@H]1c1ccsc1,-4.89860916137695,-3.1400820587595337,5.052159662768032
GIA-UNK-5ec6c2b8-2,O=C(S)C1CCN(C(=O)C2CCCCC2)CC1,-5.12373733520508,-3.1276341150678633,2.3680483665610517
BET-COM-8a5969bb-1,CC12CCC(CC1)C(C)(C)O2,-4.761117,-3.1136364142857147,0.0
JOH-UNI-9dc98897-7,N#Cc1cc(C(F)(F)F)c(N2CCCOCC2)cn1,-5.938368,-3.111078259999985,6.315518795199497
ALV-UNI-7ff1a6f9-3,Cc1ccc2c(c1)nc(-c1ccc(F)cc1)n2-c1ccncc1,-7.999856,-3.097827548234825,5.263837767139997
ANN-UNI-26382800-6,COc1cccc(NC(=O)Nc2cccc(C#N)c2)c1,-6.088238,-3.0583359105506815,0.21658845992841877
KIM-UNI-60f168f5-2,Cc1ccncc1N1C(=O)CCNC1=O,-5.225182056427,-3.0229277399999894,3.964877152560051
DOU-UNK-b5326f8f-13,ClC1CC2C(C3CC3)=CNC2c2sc(-c3nnco3)cc21,-5.302523,-2.9046839,0.6071947884706491
MAK-UNK-6435e6c2-8,CC(=O)Nc1cnccc1C,-2.902107,-2.901085007843406,6.886006882047528
ANT-OPE-997bdc93-1,CC(=O)NCCC1CCc2ccc3c(c21)CCC3,-8.87511,-2.8709653369696966,0.9954758040260236
JOH-MSK-a63bdd1d-9,CN(C)CCc1c[nH]c2ccc(O)cc12,-5.7353892326355,-2.7960356746106845,3.2013785932814938
GIA-UNK-595fac82-2,CNC(=O)OC1CCN(C(=O)c2ccccc2)CC1,-5.26461315155029,-2.7790409385237016,0.454922168197554
GIA-UNK-995df016-1,CC(C)C(=O)N1CCC(C(=O)SCF)CC1,-5.12599277496338,-2.7704038245298364,2.2201672683948996
DAR-DIA-23aa0b97-2,N#Cc1cncc(NC(=O)Cc2c[nH]c3ncccc23)c1,-7.36787,-2.7098713169230564,1.3086265316893846
DAR-DIA-caba39e3-1,O=C(CCl)N1Cc2ccccc2[C@H](c2cccc(F)c2)C1,-8.931615,-2.7022224539393846,0.2925134043985321
DAR-DIA-43a5904b-10,NC(=O)[C@H]1CC(CC2CC2)=C[C@H]1c1cccc(Cl)c1,-5.60416555404663,-2.6645112802020208,0.14082973134090104
ALV-UNI-7ff1a6f9-1,Cc1ccc2c(-c3ccncc3)c(-c3ccc(F)cc3)nn2c1,-6.294449,-2.6178265420201967,0.17426271319564163
ANN-UNI-26382800-3,N#Cc1ccc(NC(=O)Nc2cccnc2)cc1,-2.72987,-2.5612857343434463,0.08821128558958888
TRY-UNI-714a760b-16,Cc1ccncc1NC(=O)C(C)C1CCCCC1,-7.061202,-2.5217757388118685,4.909210870380382
NIR-THE-0d6461ce-8,Cc1cc(Cl)cc(CC2CCN(C(=O)CCl)CC2)c1,-7.734537,-2.51376792040404,0.21251272669248203
LIZ-THE-6efed59f-3,COc1ccc(S(N)(=O)=O)cc1,-6.073517,-2.487691655769231,0.01244944423076877
ANT-DIA-b7f58f21-4,CC(=O)NCCc1ccccc1,-7.031579,-2.486362344559886,4.915717402572909
DOU-UNK-b5326f8f-9,CC(=O)N1CCN(C(O)c2cccs2)CC1c1cccc(N2CCCC2=O)c1,-7.357361,-2.459672765490197,0.0606689752094944
WAR-XCH-b72a1bbc-15,NS(=O)(=O)c1ccc(N2CCC(c3ccncc3)CC2)cc1,-6.279764,-2.393161781538474,0.4480545857847452
DAR-DIA-842b4336-13,O=C(Cc1ccc(Cl)s1)Nc1cccnc1,-4.72160482406616,-2.363140359230762,0.8765870058045652
GIA-UNK-995df016-11,O=C(SCF)C1CCN(C(=O)c2ccco2)CC1,-6.405756,-2.35989990384617,0.0
PET-SGC-708ec5d8-1,CCn1cc(CCNC(C)=O)c2cc(C#N)ccc21,-9.379772,-2.355563646985239,0.12737567736378697
DAR-DIA-842b4336-16,Cc1cnc(CC(=O)Nc2cccnc2)o1,-5.550553,-2.3411828076288543,1.0591885050190954
JOH-UNI-9dc98897-6,N#Cc1ncc(N2CCCOCC2)cc1Cl,-6.736885,-2.283641495440591,2.573409540735159
DAR-DIA-fc970077-6,O=C1N(c2ccccc2)CCCN1c1cccnc1,-4.93463373184204,-2.2689451998058416,0.1071102556880641
ALV-UNI-7ff1a6f9-30,Cc1ccc2c(-c3ccc4[nH]ncc4c3)c(-c3ccc(F)cc3)nn2n1,-7.07811,-2.257293116093603,0.08272813212477566
TRY-UNI-1fd04853-9,O=C(Cc1c[nH]c2ncccc12)NCc1cc(Cl)ccn1,-9.539196,-2.1776641208857797,3.0661925708647018
DAR-DIA-fc970077-12,O=C1C(c2ccccc2)C=CCN1c1cccnc1,-5.35490894317627,-2.156775355257743,1.977346250480765
WAR-XCH-b72a1bbc-39,CCSCC1CCN(c2ccc(S(N)(=O)=O)cc2)CC1,-8.662804,-2.0749598688811197,1.6831472727272727
LIZ-THE-7023c732-2,CCNc1ncc(C#N)cc1Oc1ccccc1,-5.272026,-1.987031131313131,0.0
LIZ-THE-7023c732-1,CNc1ncc(C#N)cc1Oc1ccccc1,-6.016492,-1.9859052999999918,0.0
NIR-THE-0d6461ce-4,NS(=O)(=O)c1ccc2ccc(CC3CCN(C(=O)CCl)CC3)cc2c1,-3.422574,-1.8593614800000182,0.280384214988197
MAK-UNK-acefcb18-13,COCCNc1ccsc1,-4.090714,-1.8433941000000003,0.0
MAK-UNK-6435e6c2-9,CC1C(O)CCCN1Cc1ccccc1,-2.075905,-1.8214694671717027,0.15076025000001536
DAR-DIA-fc970077-1,O=C1N(c2ccccc2)CCN1c1cccnc1,-4.62701082229614,-1.8163526207920668,0.1326064322881627
BEN-VAN-d8fd1356-19,Cc1ccnc(Oc2cc(F)cc3c(C(F)(F)F)c[nH]c23)c1,-7.495101,-1.755971964835183,5.298157980872623
DAN-PUR-19f24f0c-2,CC(=O)N(C(=O)CCl)c1cncc(N)c1,-5.418193,-1.749316812315442,2.172686514593372
AMD-UAU-3d234461-2,NNC(=O)c1ccc2ccc(O)cc2c1,-6.04354906082153,-1.733323695959598,7.792848369426315
JOH-UNI-abdb2f0c-4,N#Cc1ncc(N2CCCOCC2)cc1-c1ncco1,-6.36928,-1.6762320425485626,0.11991725875296877
JOH-MSK-ec639444-1,COc1cc2c([C@@H](C)CNC(C)=O)c[nH]c2cc1Cl,-7.706601,-1.6229514999999992,0.08110480000000209
NIR-THE-99f25457-2,NC(=O)C1CC2(CCCN(C(=O)CCl)C2)CC1c1ccsc1,-2.761955,-1.6006438156828935,0.09899556758982533
GIA-UNK-995df016-16,O=C(SCF)C1CCN(C(=O)c2ccc(F)cc2)CC1,-5.55122423171997,-1.5674716914285654,0.16682657745590473
MAT-GIT-deadff56-2,CC(=O)NCCc1c[nH]c2ccc(C#N)c(Cl)c12,-8.630352,-1.5481784208080835,0.3046649735740074
NIM-UNI-36e12f95-3,CC(=O)c1ccc(Br)c2[nH]c(=O)n(-c3cccnc3)c12,-5.72001075744629,-1.5421340634343466,0.03830167548655984
ALV-UNI-7ff1a6f9-42,Cc1cn2c(-c3ccncc3)c(-c3ccc(F)cc3)nc2s1,-6.613181,-1.5318015382672847,3.569256650052812
VIT-UNK-b910b07f-1,CC(C)(O)C1COC(Nc2cc(O)cc(O)c2)C(F)C1,-4.824992,-1.512759292066221,4.165750870887782
SAL-INS-1c7a5a55-7,Cc1ccc(N(C(=O)CCl)C2C=CS(=O)(=O)C2)c(Cc2ccccc2)c1,-2.280844,-1.4114308866666505,2.93299954114359
WAR-XCH-b72a1bbc-1,NS(=O)(=O)c1ccc(N2CCSCC2)cc1,0.647877,-1.3276265903738214,2.192293502827642
PAT-GYR-359dbb24-1,C#Cc1ccc(CNC(=O)N2CCOCC2)cc1,-4.81664085388184,-1.218432898878575,1.165652478747029
ALE-HEI-f28a35b5-4,Cc1nnc(NC(=O)Nc2cccnc2)s1,-6.06445,-1.1898458412121222,0.7868025579662253
ALV-UNI-7ff1a6f9-7,Cc1ccn2c(-c3ccncc3)c(-c3ccc(F)cc3)nc2c1,-8.503814,-1.1792951200685415,0.11106649411841978
MAK-UNK-af83ef51-8,Cc1cccc(CC2CC3CCC(C2)N3C(=O)CCl)c1,-8.368351,-1.0344565688180793,2.7353784319043553
TRY-UNI-1fd04853-8,N#Cc1ccc(CNC(=O)Cc2c[nH]c3ncccc23)cc1,-8.564989,-1.0223068798439812,0.9240636468727648
STE-UNK-dfade101-1,N#Cc1c[nH]nc1Cc1cccnc1,-8.723722,-1.0133609999999997,0.99045
DAR-DIA-23aa0b97-20,O=C(Cc1cncc2ccccc12)Nc1ccccc1,-5.55803,-1.0072018559183604,0.18377740912876075
DAN-LON-a5fc619e-9,O=C(CCl)N1CCN(Cc2cccc(Cl)c2)C(c2cccs2)C1,-5.09587717056274,-0.9564811599999814,0.5944488083535142
DAR-DIA-eace69ff-35,COc1ccc2[nH]cc(CN(C)C)c2c1,-5.658311,-0.9061481306397319,5.143861870985323
MAK-UNK-acefcb18-12,CC1CCN(c2ccsc2)CC1,-5.432204,-0.9054381500000055,0.013307349999996276
JOH-MSK-a63bdd1d-7,COc1ccc2[nH]cc(CCN)c2c1,-5.53720855712891,-0.874225175555555,0.043853719602079184
SEL-UNI-8426c22c-2,CC(=O)N(C(=O)c1cccnc1Cl)C1=CNCC=C1C,-2.92043,-0.8705609424593348,0.4857367428025989
MIH-UNI-6b9ca91a-4,N[C@@H]1C[C@H](c2ccsc2)C[C@@H](Nc2cccnc2)O1,-5.77264451980591,-0.8462333151991146,6.937793650869191
DAR-DIA-eace69ff-36,CNCc1c[nH]c2ccc(F)cc12,-7.297389,-0.8045180407957204,2.8994785259689255
SCO-VAN-260d9628-2,CS(=O)(=O)NCC1CCC(C(N)=O)C1c1ccccc1,-6.777569,-0.7951773812882905,2.6577660033735047
NIR-THE-c331be7a-6,Cc1cccc(C2CN(C(=O)CCl)Cc3ccccc32)c1,-8.538264,-0.746202181718175,4.274382057354884
ALV-UNI-7ff1a6f9-19,Cc1ccn2c(-c3cnc(N)nc3)c(-c3ccc(F)cc3)nc2c1,-4.879712,-0.7187482585858689,0.09761851593218403
ALV-UNI-7ff1a6f9-26,Cc1cnc2c(-c3ccnc(N)c3)c(-c3ccc(F)cc3)nn2c1,-1.52448,-0.4788749761538611,2.5134048068857946
WAR-XCH-b72a1bbc-6,NS(=O)(=O)c1ccc(N2CCC(c3ccc(Cl)s3)CC2)cc1,-5.656148,-0.453244990815854,0.32231056624679083
ALV-UNI-7ff1a6f9-44,Cc1cn2c(-c3ccnc4[nH]ccc34)c(-c3ccc(F)cc3)nc2s1,-5.820459,-0.39250342515928516,0.13878961305960474
ALV-UNI-7ff1a6f9-38,Cc1ccn2c(-c3cccnc3)c(-c3ccc(F)cc3)nc2n1,-5.454057,-0.3126280313311227,0.08585760168129947
ALV-UNI-7ff1a6f9-11,Cc1cnc2c(-c3cccnc3)c(-c3ccc(F)cc3)nn2c1,-8.116777,-0.25843917568741404,0.5181596853957287
DAR-DIA-23aa0b97-8,N#Cc1cccc(NC(=O)Nc2cncc(N)c2)c1,-7.190058,-0.2380046523076942,0.1972538562890019
WAR-XCH-b72a1bbc-36,NS(=O)(=O)c1ccc(N2CCC(CSc3ccncc3)CC2)cc1,0.094412,-0.23661845199720943,0.21675356383997096
JON-UIO-066ce08b-3,CC(=O)N1CCN(C(=O)Cc2ccccn2)CC1,-4.324941,-0.19250112207220127,0.17632587809902361
DAR-DIA-43a5904b-2,NC(=O)[C@H]1CC(Cc2cccnc2)=C[C@H]1c1cccc(Br)c1,-6.71505546569824,-0.18536846392658868,0.07327584290551926
ALV-UNI-7ff1a6f9-22,Cc1cnc2c(-c3ccc4[nH]ncc4c3)c(-c3ccc(F)cc3)nn2c1,-5.386162,-0.05927138000001264,0.10605119608256235
NIR-THE-0d6461ce-1,Cc1cccc(NC2CCN(C(=O)CCl)CC2)c1,-7.723912,-0.01460005845267176,0.2681662032586583
